jp,kr
!아이템명
ルピ,루피
ソウルシード,소울시드
BPが1回復します。,BP가1회복됩니다.
使用個数を選んでください。,사용개수를선택해주세요.
ゴールドムーン,골드문
黄金色に煌めく、三日月形の貴石
蒼光の輝石,창광의휘석
蒼の美しい輝きをたたえる石
宝晶石,보정석
カジノメダル,카지노메달
レジェンドガチャチケット,레전드가챠 티켓
レジェンドガチャが利用できるチケットです。,레전드가챠가이용가능한티켓입니다.

!월드
柔らかい羽,부드러운 깃털
ふわふわとした触り心地の良い羽
風伯の羽,풍백의 깃털
風の加護を受けた羽根、穏やかな風を纏っている
風切四つ葉
風切羽のようになっている葉から名付けられた植物
綺麗な砂
さらさらとした細かい粒子の美しい砂
原初の砂
世界のはじまりと共に生まれたと謳われる、生命の力を感じる砂
赤熱鉱
常に赤熱している、バルツ公国でのみ産出される特殊な鉱石
清らかな水
アウギュステ列島で採取される澄んだ水
癒しの水
あらゆる霊薬の元となる水<br>心と身体を癒やすと言われている
群青珊瑚
深い群青色に染まった鮮やかな珊瑚
固い土
石のように固い土の破片
真理の土
全ての生命の源流、大地の力を感じる厳かな土
渦琥珀
渦巻状の模様が入った不思議な琥珀
鷹の羽
独特の手触りがあり、鋼のように丈夫な羽
厳峰の清水
アルビオンの名水で、あらゆる病に効能があると言われている
紅黄石
黄金のように堅く、秘められた魔力により微かに赤く光る不思議な石
粘っこい茸
奇抜な色合いと粘りの強い手触りをしており、幻の珍味と謳われている
虚ろなる魄
濃い霧に包まれた湿地に密かに現れる行き場を失った魂の残滓
ラクリモサ
一切光が届かない深い闇でのみ生息が確認されている希少な花
黄金小麦
金色に輝くガロンゾ産の小麦、ビールにすると絶品の物ができると言われている
鉄鉱石
騎空艇の材料にも使われる固い石
ブロヴンフラクト
災難から身を護るお守りとして知られる希少な植物
青い果実
アマルティア島全域に分布する、見た目に反して美味しい果実
予見の双葉
なにか事件が起きる際に発芽することから名づけられた植物
オルディネシュタイン
困難を乗り越える力を持つと伝えられている、紅緋色の石
砂レンガ
メフォラシュで作られる建物を作るためのレンガ
古代樹の葉
万病に効くとされる古代樹の葉
古代布
古代から伝わる製法で作られた通気性の高い布<br>現在は希少性が高い
栄華の炎
エルステ帝国の繁栄とともに燃え上がる不思議な炎
赤色火薬の原料
緻密な分子構造により膨大な熱量が含まれており、赤く色づいているきめ細やかな火薬の原料
リキッド・スチール
複雑な形状の施設や兵器の材料として欠かせない鉛の塊
ダイダロイトストーン
ダイダロイトベルトの岩の欠片<br>不思議な力で岩に引き寄せられている
クガンノハナ
空高くの岩石地に群生する美しい花
大縁の種
芽を出すとき、どこかで強い絆が<br>生まれると言われる珍しい花の種
万年雪
ノース・ヴァストに一年中降り続ける大粒の雪。
冷氷の葉
緑の育たない過酷な環境でのみ生まれる氷状の葉。
氷傘茸
環境に適応し氷の傘をかぶった茸。触れると壊れてしまうほど脆い。
メルクマベリー
要塞ができる前から植生している樹になる実。
要塞の壁片
島の要塞を構築する壁や瓦礫の一部がはがれ落ちた物。
錆びた薬莢
メルクマール島での過去の戦いで使用され、放置されたままの薬莢。
騒乱の三つ葉
グロース島全域に分布する植物。三方に伸びる葉はすれ違いや鼎立を表すと言われている。
バシの実
グロース島の草原に植生するバシの木の果実。食用だけではなく薬用としても用いられるなど、島の必需品。
天然翡翠
グロース島で多く採石される翡翠。島に住む富裕層向けの装飾などに広く用いられている。
灰白砂岩
灰白色の石材。クルーガー島の寺院の建設にも使われている。
クルーガーハーブ
クルーガー島に自生する植物の葉を乾燥させたもの。煎じて飲むと集中力を高める薬効がある。
修行者の覚書
クルーガー島でよく見かける古の修行者たちの覚書。経典の一部や、煩悩を綴ったものまで内容は様々である。
ベスティエフルーツ
ベスティエ島のいたるところに植生する果実。それほどおいしくはないが薬用効果が高い。
トキシックフラワー
ベスティエ島の各所に咲く鮮やかな紫紺色の花。花の蜜には強い毒性があり、獣達も近づかない。
レム・ペッパー
レム王国郊外の森で採れる木の実。乾燥させることで辛味が増し、香辛料として用いられる。
クロッシング・レイ
赤と青の2対の光。異なるエネルギーを起源としており、決して交わる事はない。


!성정수
!아일
[灰白の豹],[회백(灰白)의 표범]
[湾岸の豹],[만안(灣岸)의 표범]
アイル,아일
薄闇の新世界,박암(薄闇)의 신세계
違法な喧嘩賭博に参戦し、日々、闘争本能を研ぎ澄ます喧嘩屋アイル。兄貴分のボーマンと勝利を祝っていると、憲兵による一斉検挙が始まる。そこでアイルはSide.Wと対峙し、その存在に興味を持つが、ひとまず適当な騎空艇に身を潜める。しかし、それは偶然にもSide.W達の乗るグランサイファーであり、アイルはなりゆきで旅に同行することになるのだった。,위법한 싸움도박에 참여하여、매일같이 투쟁본능을 갈고 닦던 아일. 형님으로 모시고 있는 보먼과 승리를 축하하고있던 도중 현병에 의한 일제검거가 시작된다. 거기서 아일은 주인공과 대치하여、그 존재에 흥미를 가지지만、일단은 적당한 기공선에 몸을 숨긴다. 하지만 그것은 우연히 주인공일행이 타던 그랑사이퍼였고、아일은 엉겁결에 여행에 동행하게 되는 것이었다.
灰色の境界線,잿빛(灰色)의 경계선
鈍色の蜃気楼,둔색(鈍色)의 신기루
幸せな家庭で育った少年は、生来の気質との狭間に揺れ、新世界を目指す。そして辿り着いた闘争の舞台は、彼に生きている実感を与えたが、それは果たして真の幸福に結実するか。答えは空が知っている。                ,행복한가정에서 자란 소년은 선천적인 기질과의 차이에 흔들려 신세계를 향한다. 그리고 도달한 투쟁의 무대는 그에게 살아있다는 실감을 줬지만 그것은 과연 진정한 행복으로 결실할 수 있을까. 답은 하늘이 알고있다.
複雑な精神を宿す少年は、己を鍛え直すため空の旅を続ける。道標も目的地も失い、ただ自身の尊厳を取り戻すための当て所ない修練の日々。夏の海は、少年に束の間の休息を与えるか。,복잡한 정신을 품은 소년은 자신을 단려하기위해 하늘의 여행을 계속한다. 이정표도 목적지도 잃은、그저 자신의 존엄을 되찾기 위한 헤메이던 수련의 날들. 여름 바다는 소년에게 잠깐동안의 휴식을 줄 수 있을까.

ビート・ザ・ウォール,비트 더 월
土属性ダメージ(特大)/土属性追撃効果/効果中必ずトリプルアタック,토속성데미지(특대)/토속성추격효과/효과중 반드시 트리플어택
ギルティブレイク＋,길티브레이크＋
"自分に逆境効果　<span class=""text-blue"">◆自分のHPを最大値の**%消費</span>","자신에게역경효과　<span class=""text-blue"">◆자신의 HP 최대치의**%소비</span>"
◆自分のHPを最大値の**%消費,◆자신의 HP 최대치의**%소비
ジョルトカウンターII,졸트카운터II
"<div class=""prt-text-small"">奥義発動をせずカウンター(*回)/自分の奥義ゲージUP(**%)<span class=""text-blue"">◆奥義ゲージが毎ターン**消費される/再使用または奥義ゲージ*で解除</span></div>","<div class=""prt-text-small"">오의발동을 하지 않고 카운터(*회)/자신의 오의게이지UP(**%)<span class=""text-blue"">◆오의게이지가 매턴**소비된다/재사용 혹은 오의게이지*으로 해제</span></div>"
挑発,도발
かかってこいよ……テメェらにオレは倒せない！(自分の敵対心大幅UP),덤벼……네놈들은 나를 쓰러트릴수없어！(자신의 적대심대폭UP)
闘争の血潮＋,투쟁의 혈기(血潮)
自分の残りHPが少ないほど連続攻撃確率UP/ダメージ上限UP,자신의 남은 HP가 적을 수록 연속공격확률UP/데미지상한UP

!헤리야
[精錬されし頭領],[정련된 두령]
ヘリヤ,헤리야
彼女が目指す道,그녀가 향하는 길

マーセナリーブレード,머서너리 블레이드
マーセナリーブレード＋,머서너리 블레이드＋
土属性ダメージ(特大)/継戦Lvが*以上の時、継戦Lvを消費せず剛剣が発動,토속성데미지(특대)/계전Lv이 *이상일 때、계전Lv을 소비하지않고 강검이 발동
剛剣,강검
"ターゲットに関わらず*回土属性ダメージ/自分の攻防UP(累積)　<span class=""text-blue"">◆継戦Lvを*消費</span>","타겟에 관계없이 *회 토속성데미지/자신의공방UP(중첩)　<span class=""text-blue"">◆계전Lv을 *소비</span>"
窮地の守勢,궁지의 수세
"自分にかばう効果/全属性ダメージカット(**%)　<span class=""text-blue"">◆奥義ゲージを**%消費</span>","자신에게 감싸기 효과/전속성 데미지컷(**%)　<span class=""text-blue"">◆오의게이지를 **%소비</span>"
傭兵の直感,용병의 직감
自分のHP回復/弱体効果を*つ回復,자신의 HP회복/약체효과를 *개 회복
鉄槍傭兵団頭領,철창용병단두령
"ターン終了時に被ダメージの回数に応じて奥義ゲージUP(*%/最大**%)/継戦Lvが上昇(最大*)　<span class=""text-blue"">◆ターン終了時にHPが**％以下の場合、傭兵の直感が発動</span>","턴 종료 시에 받은 데미지 횟수에 따라 오의게이지UP(*%/최대**%)/계전Lv상승(최대*)　<span class=""text-blue"">◆턴 종료시에 HP가 **％이하인 경우、용병의 직감이 발동</span>"
剣に生きる者,검에 사는 자
得意武器が「剣」の土属性キャラのアビリティダメージ性能UP,특기무기가 「검」인 토속성 캐릭터의 어빌리티 데미지 성능UP




エビフラッシュ＋＋,에비플래쉬＋＋
光属性ダメージ(特大)/奥義ゲージUP(**%)/リロード,광속성데미지(특대)/오의게이지UP(**%)/리로드
新春大福招来,신춘대복초래
"光属性ダメージ(特大)/自分にカウンター効果(回避/*回)　<span class=""text-blue"">◆聖騎士Lvが*の時自分に光属性追撃効果</span>","광속성데미지(특대)/자신에게 카운터효과(회피/*회)　<span class=""text-blue"">◆성기사Lv이 *일 때 자신에게 광속성 추격효과</span>"
◆聖騎士Lvが*の時自分に光属性追撃効果,◆성기사Lv이 *일 때 자신에게 광속성 추격효과
エターナル・ペイン＋,이터널・페인
"<span class=""prt-text-small"">光属性ダメージ(特大)/自分に極光の刻印を付与<span class=""text-blue""><br>◆リミッター解放時：味方全体にバリア効果</span></span>","<span class=""prt-text-small"">광속성데미지(특대)/자신에게 극광의 낙인을 부여<span class=""text-blue""><br>◆리미터 해제시：아군 전체에게 배리어 효과</span></span>"
"光属性ダメージ(特大)/自分に極光の刻印を付与<span class=""text-blue""><br>◆リミッター解放時：味方全体にバリア効果</span>,","光属性ダメージ(特大)/自分に極光の刻印を付与<span class=""text-blue""><br>◆リミッター解放時：味方全体にバリア効果</span></span>,<span class=""prt-text-small"">광속성데미지(특대)/자신에게 극광의 낙인을 부여<span class=""text-blue""><br>◆리미터 해제시：아군 전체에게 배리어 효과</span>"
<br>◆リミッター解放時：味方全体にバリア効果,<br>◆리미터 해제시：아군 전체에게 배리어 효과
金牙神然＋,금아신연＋
光属性ダメージ(特大)/自分のHP回復/臥猪の矛を得る,광속성데미지(특대)/자신의 HP회복/멧돼지의 창(臥猪の矛)을 획득


!라캄
[蒼空の先導者],[창공의 선도자]
ラカム,라캄
操舵士に憧れて,조타사에 동경하여
操舵士の共鳴,조타사의 공명

デモリッシュピアース,데몰리쉬 피어스
火属性ダメージ(特大)/味方全体の火属性攻撃UP/ダブルアタック確率UP,화속성데미지(특대)/아군전체의 화속성공격UP/더블어택확률UP
スピットファイア,스핏 파이어
"<div class=""prt-text-small"">敵に火属性ダメージ/防御DOWN(累積)/スピットファイアLvが*上昇(最大*)</div>","<div class=""prt-text-small"">적에게 화속성데미지/방어DOWN(중첩)/스핏파이어Lv이 *상승(최대*)</div>"
デュレーションII,듀레이션II
"<div class=""prt-text-small"">自分に敵のモードゲージ減少量UP効果　<span class=""text-blue"">◆敵がオーバードライブ時にモードゲージを減少させ戦慄効果</span></div>","<div class=""prt-text-small"">자신에게 적의 모드게이지 감소량UP효과　<span class=""text-blue"">◆적이 오버드라이브일때 모드게이지를 감소시키고 전율효과</span></div>"
ダブルタップ,더블탭
効果中必ず連続攻撃/自分にダブルタップ効果,효과중 반드시 연속공격/자신에게 더블탭효과
導きの銃,인도의총
火属性キャラ単体が即座に奥義発動可能/蒼導銃効果,단일 화속성 캐릭터가 즉시 오의발동가능/푸른인도의총효과
スライトオブハンド,슬라이트오브핸드
戦慄状態の敵に対して火属性追撃効果,전율상태의 적에게 화속성 추격효과
バニッシュセーヴ,배니쉬 세이브
スピットファイアLvに応じて攻撃UP/チェインバースト性能UP/奥義性能UP,스핏파이어의 Lv에따라 공격UP/체인버스트성능UP/오의성능UP


!실바
[奮励の儁秀],[분려의 준수]
シルヴァ,실바
凛乎なる狙撃手,늠연한 저격수
その鐘の音は高らかに,그 종소리는 드높게
悔恨を超えていく為に,후회를 넘어서기위해
君の隣に,너의 곁에

ヒューネラルブリット,퓨너럴 불릿
水属性ダメージ(特大),수속성데미지(특대)
イーグルアイ,이글아이
イーグルアイ＋,이글아이+
"<div class=""prt-text-small"">自分の奥義ダメージUP/奥義ダメージ上限UP/チェインバーストダメージUP/防御DOWN</div>","<div class=""prt-text-small"">자신의 오의데미지UP/오의데미지상한UP/체인버스트데미지UP/방어DOWN</div>"
タクティシャン,택티션
タクティシャン＋,택티션+
自分のクリティカル確率UP,자신의 크리티컬확률UP
デッドスペシメン,데드 스페시멘
デッドスペシメン＋,데드 스페시멘+
自分が即座に奥義発動可能,자신이 즉시 오의가능
ホープスナイプ,홉 스나이프
"<div class=""prt-text-small"">自分とサブメンバーの一人を*ターンの間入れ替える<br><span class=""text-blue"">◆入れ替わったあと援護射撃を行う</span></div>","<div class=""prt-text-small"">자신과 서브멤버 한명을 *턴간 교체한다<br><span class=""text-blue"">◆교체후에 지원사격을 행함</span></div>"
静かな威圧,고요한 위압
奥義ゲージ上昇量UP,오의게이지 상승량UP


!네사왈피리
[夜明けの鷲王],[새벽녘의 독수리왕]
ネツァワルピリ,네사왈피리
好奇心の王さま,호기심많은 임금님
鷲王の秘密,독수리왕의 비밀
飛べない鷲,날지못하는 매
導きの宛て,인도의 종착점

ソル・ルプトゥラ,솔  ・루프트라
風属性ダメージ(特大)/奥義ゲージUP(**%),풍속성데미지(특대)/오의게이지UP(**%)
覇装の構え,패장의자세
自分の攻撃UP(大)/防御DOWN,자신의 공격UP(대)/방어DOWN
一伐の構え,일벌의자세
自分の攻撃大幅UP(鷹の目状態の敵のみ/*回),자신의 공격 대폭UP(적이 매의눈 상태일때/*회)
烈飛の構え,열비의자세
効果中必ずトリプルアタック,효과중 반드시 트리플어택
翼の王者,날개의패자
鷹の目状態の敵から受けるダメージを軽減/トリプルアタック発動時に敵に風属性ダメージ/鷹の目を付与,매의눈 상태의 적에게서 받는 데미지가 경감/트리플어택 발동시 적에게 풍속성데미지/매의눈을 부여


!팡닭
[聖乙女],[성처녀]
ジャンヌダルク,잔다르크
その手に平穏を,그 손에 평온을
誘いの手、振り払いて,유혹의 손을 뿌리치고
世界を穿つ楔,세계를 꿰뚫는 쐐기

神槍マルテ,신창 마르테
光属性ダメージ(特大),광속성데미지(특대)
リヴァーサル,리버설
敵の防御DOWN,적의 방어DOWN
エンカレッジメント,인커리지먼트
味方全体の奥義ゲージUP(**%),아군 전체의 오의게이지UP(**%)
アドヴェント・エターナル,어드밴트  ・이터널
ラ・ピュセル,라  ・퓨셀
クリティカル確率UP,크리티컬확률UP


!블랙
[吸血姫],[흡혈희]
ヴァンピィ,밤피
約束,약속
おいしいスープ,맛있는 스프
姉弟喧嘩の行く末,남매싸움의 결말
おねえさんだもん！,누나인걸!

ブラッディ・リファイメント,블러디  ・리파인먼트
"闇属性ダメージ(特大)　<span class=""text-blue"">◆対象が魅了状態時に奥義ダメージUP</span>","암속성데미지(특대)　<span class=""text-blue"">◆대상이 매료상태일떄 오의데미지UP</span>"
テスタメント,테스터멘트
敵に闇属性ダメージ/強化効果を*つ無効化,적에게 암속성데미지/강화효과를 *개 무효화
スカーレットギフト,스칼렛 기프트
敵のCTを*つ吸収して味方全体の奥義ゲージに変換,적의 CT를 *개 흡수하여 아군전체의 오의게이지로 변환
チャームスローブ,참 슬로브
敵に魅了効果/自分の攻防UP/連続攻撃確率UP,적에게 매료효과/자신의 공방UP/연속공격확률UP
セルフィッシュ・ロイヤル,셀피쉬  ・로얄


!마기사
[ウィッチクラフト],[위치크래프트]
マギサ,마기사
魔女の見た夢,마녀가 본 꿈
見えない未来,보이지 않는 미래
魔女の告白,마녀의 고백
魔女狩りの村,마녀사냥의 마을

メテオスウォーム,메테오스 폼
火属性ダメージ(特大),화속성데미지(특대)
イラプション,이럽션
敵全体に火属性ダメージ/攻撃DOWN,적 전체에 화속성데미지/공격DOWN
ウォール,월
味方全体の弱体効果無効(*回)/攻防UP,아군 전체의 약체효과무효(*회)/공방UP
ヴァルプルギス,발푸르기스
敵全体に火属性ダメージ/暗闇効果/灼熱効果,적 전체에 화속성데미지/암흑효과/작열효과
サンクション,생크션
魔神モラクスを召喚する,마신 모락스를 소환한다
万能の魔女,만능의 마녀
暗闇状態の敵に対してアビリティダメージ上限UP/灼熱状態の敵に対してクリティカル確率UP,암흑상태의 적에대해 어빌리티데미지상한UP/작열상태의 적에대해 크리티컬확률UP


!리리
[氷国の希望],[얼음나라의 희망]
リリィ,리리
春をさがす少女,봄을 찾는 소녀
氷結少女の苦悩,빙결소녀의 고뇌
氷晶宮でおもてなしを,빙정궁에서 극진한 대접을
春の在り処,봄이 있는곳

フローズンヴィジョン,프로즌 비전
水属性ダメージ(特大)/味方全体の水属性攻撃UP,수속성데미지(특대)/아군전체의 수속성공격UP
氷晶結界,빙정결계
味方全体の火属性ダメージカット(**%),아군전체의 화속성데미지컷(**%)
フローズンゲイル,프로즌 게일
敵全体に水属性ダメージ/氷結効果,적 전체에 수속성데미지/빙결효과
ホワイトヒール,화이트 힐
味方全体のHPを回復/弱体効果を*つ回復,아군 전체의 HP를 회복/약체효과를 *개 회복
シャインクリスタル,샤인 크리스탈
防御UP,방어UP
氷晶宮の特使,빙정궁의 특사
バトルメンバーの種族数に応じて自分の攻撃力UP,배틀 멤버의 종족수에 따라서 자신의 공격력UP


!토옷상
[開闢の錬金術師],[개벽의 연금술사]
カリオストロ,칼리오스트로
封印されし美少女,봉인된 미소녀
カリオストロの秘密,칼리오스트로의 비밀
天才美少女錬金術師の憂鬱,천재미소녀연금술사의 우울
カリオストロ討滅戦,칼리오스트로 토멸전

アルス・マグナ,아르스  ・마그나
土属性ダメージ(特大)/味方全体の土属性攻撃UP,토속성데미지(특대)/아군전체의 토속성공격UP
コラプス,콜랩스
敵全体に土属性ダメージ/防御DOWN,적 전체에 토속성데미지/방어DOWN
ファンタズマゴリア,판타즈마고리아
"<div class=""prt-text-small"">味方全体を特殊強化(攻防UP/連続攻撃確率UP)/荒土の刻印を付与</div>","<div class=""prt-text-small"">아군전체를 특수강화(공방UP/연속공격확률UP)/황토의각인을 부여</div>"
リーンフォース,리인포스
味方全体のHPを回復/弱体効果を*つ回復,아군 전체의 HP를 회복/약체효과를 *개 회복
世界で一番可愛いっ☆,세계에서 젤 귀엽☆
"<div class=""prt-text-small"">土属性キャラがそれぞれの荒土の刻印の数に応じてクリティカル確率UP　<span class=""text-blue"">◆自分がサブメンバーにいる場合でも発動</span></div>","<div class=""prt-text-small"">토속성 캐릭터가 각각 황토의각인 수에 따라서 크리티컬확률UP　<span class=""text-blue"">◆자신이 서브멤버로 있을때도 발동</span></div>"


!풍테라
[天稟の射手],[천품의 사수]
メーテラ,메테라
人騒がせな密航者,소란피우는 밀항자
気まぐれなメーテラ,변덕스러운 메테라
不機嫌なメーテラ,기분이 언짢은 메테라

ラピッドパルパーション,래피드 펄페이션
風属性ダメージ(特大)/自分にエーテリアルシャフトを付与,풍속성데미지(특대)/자신에게 에테리얼샤프트 부여
飾り穿ち,활시위 꿰뚫기
"敵に風属性ダメージ/魅了効果<br><span class=""text-blue"">◆エーテリアルシャフト消費：*回発動</span>","적에게 풍속성데미지/매료효과<br><span class=""text-blue"">◆에테리얼샤프트 소비：*회발동</span>"
綺羅星,기라성
"<div class=""prt-text-small"">ターゲットに関わらず*回単体ダメージ/敵全体に攻撃DOWN(累積)<br><span class=""text-blue"">◆エーテリアルシャフト消費：*回発動</span></div>","<div class=""prt-text-small"">타겟에 관계없이 *회 단일데미지/적 전체의 공격DOWN(중첩)<br><span class=""text-blue"">◆에테리얼샤프트 소비：*회발동</span></div>"
隼落とし,매 떨구기
"敵に風属性ダメージ/スロウ効果<br><span class=""text-blue"">◆エーテリアルシャフト消費：*回発動</span>","적에게 풍속성데미지/슬로우효과<br><span class=""text-blue"">◆에테리얼샤프트 소비：*회발동</span>"
天才肌,천부적인 자질
弱体状態の敵に対して攻撃UP,약체상태의 적에대해 공격UP


!팡클
[終滅の錬金術師],[종멸의 연금술사]
クラリス,클라리스
それは決意の表れの証,그것은 결의를 나타내는 증거
新たな誓いと、これから,새로운 맹세와 앞으로의 일

ジャガーノート・スフィア,저거노트  ・스피어
光属性ダメージ(特大)/存在崩壊を*回復,화속성데미지(특대)/존재붕괴를 *회복
ディスラプト・パワー,디스럽트  ・파워
"<div class=""prt-text-small"">自分の奥義ダメージUP/奥義ダメージ上限UP/防御DOWN/敵対心UP　<span class=""text-blue"">◆存在崩壊を*消費</span></div>","<div class=""prt-text-small"">자신의 오의데미지UP/오의데미지상한UP/방어DOWN/적대심UP　<span class=""text-blue"">◆존재붕괴를 *소비</span></div>"
フォトリシス,포트리시스
"<div class=""prt-text-small"">敵の光属性防御DOWN　<span class=""text-blue"">◆存在崩壊を*消費して闇属性攻撃DOWN効果追加</span></div>","<div class=""prt-text-small"">적의 광속성방어DOWN　<span class=""text-blue"">◆존재붕괴를 *소비하여 암속성공격DOWN효과 추가</span></div>"
アトミック・レゾリューション,아토믹  ・레졸루션
"<div class=""prt-text-small"">敵の現HPに応じた無属性ダメージ/強化効果を*つ無効化　<span class=""text-blue"">◆存在崩壊を*消費して味方全体の与ダメージ上昇効果追加</span></div>","<div class=""prt-text-small"">적의 현재HP에 따른 무속성데미지/강화효과를 *개 무효화　<span class=""text-blue"">◆존재붕괴를 *소비하여 아군전체의 부여데미지 상승효과추가</span></div>"
クラリスちゃん絶好調っ☆,클라리스쨩 절호조☆
"防御力が低いが存在崩壊が付与されている場合攻撃力UP 　<span class=""text-blue"">◆存在崩壊はバトル開始時*の状態(最大*)<span></span></span>","방어력이 낮으나 존재붕괴가 부여되어있는경우 공격력UP 　<span class=""text-blue"">◆존재붕괴는 배틀시작시 *의상태(최대*)<span></span></span>"


!빡통
[不滅の群青],[불멸의 군청]
ベアトリクス,베아트릭스
仲間にいれてください,동료로 넣어주세요
不屈のクッキング,불굴의 쿠킹

イモータル・アソールト,이모탈  ・어썰트
闇属性ダメージ(特大)/自分の被ダメージ無効(*回),암속성데미지(특대)/자신의 받는 데미지 무효(*회)
エムブラスクの剣,엠브라스크의 검
敵に闇属性ダメージ/次の攻撃で必ずトリプルアタック,적에게 암속성데미지/다음 공격이 반드시 트리플어택
ユニフィケイション,유니피케이션
敵の攻撃DOWN/光属性攻撃DOWN,적의 공격DOWN/광속성공격DOWN
ライジング・スター,라이징 스타
エムブラスクの契約者,엠브라스크의 계약자
自分の残りHPが少ないほど連続攻撃確率UP/回避率UP,자신의 남은 HP가 적을수록 연속공격 확률UP/회피율UP
クロック・オー・デルタ,클락・오・델타
"トリプルアタック発動時に時計の針が進む(最大*)　<span class=""text-blue"">◆時計の針に応じて奥義性能UP</span>","트리플어택 발동시에 시계바늘이 움직인다(최대*)　<span class=""text-blue"">◆시계바늘 수에 따라서 오의성능UP</span>"
!기본UI
バトルなどの動作が重い時は、設定変更により改善される場合があります。,배틀 등의 동작이 무거울 때에는 설정변경을 통해 개선되는 경우가 있습니다.
"<div class=""txt-no-multi"">												<p>参加できるイベントマルチバトルはありません。</p>				<ul>					<li>・イベントマルチバトルは、イベントクエストを進めていくと発生します。</li>					<li>・参加条件を満たしていない場合、この一覧には表示されません。</li>				</ul>				<div class=""btn-usual-text"" data-href=""quest"">クエストへ</div>						</div><div class=""prt-assist-raid-setting""></div>","<div class=""txt-no-multi"">												<p>참가가능한 이벤트 멀티배틀이 없습니다.</p>					<ul>					<li>・이벤트 멀티배틀은 이벤트 퀘스트를 진행하가면서 발생합니다.</li>					<li>・참가조건을 만족하지 못했을 경우、이 일람에는 표시되지 않습니다.</li>				</ul>				<div class=""btn-usual-text"" data-href=""quest"">퀘스트로</div>						</div><div class=""prt-assist-raid-setting""></div>"

!루리아노트
旅の記録をつけてるんですよ～<br>フフッ,여행했던 기록을 적어두고 있어요~<br>헤헷
私のノート！見たいですか？,제 노트! 보실래요?
カタリナに頼まれて武器のことも<br>記録してるんです。結構おもしろいです！,카타리나에게 부탁받아서 무기에 대해서도 기록해두고있어요、꽤 재밌어요!
いろんなことがありましたね！<br>これからはどんな事が起きるかな～,여러가지 일이 있었죠!<br>앞으로는 무슨 일이 있을까~

!각종 멀티 퀘스트 이름들
ティアマト討伐戦,티아마트 토벌전
コロッサス討伐戦,콜로서스 토벌전
リヴァイアサン討伐戦,리바이어선 토벌전
ユグドラシル討伐戦,유그드라실 토벌전
アドウェルサ討伐戦,아드웰사 토벌전
セレスト討伐戦,세레스트 토벌전

ティアマト・マグナ討伐戦,티아마트・마그나 토벌전
コロッサス・マグナ討伐戦,콜로서스・마그나 토벌전
リヴァイアサン・マグナ討伐戦,리바이어선・마그나 토벌전
ユグドラシル・マグナ討伐戦,유그드라실・마그나 토벌전
シュヴァリエ・マグナ討伐戦,슈발리에・마그나 토벌전
セレスト・マグナ討伐戦,세레스트・마그나 토벌전

ナタク討伐戦,나타쿠 토벌전
フラム＝グラス討伐戦,프람=그라스 토벌전
マキュラ・マリウス討伐戦,마큐라・마리우스 토벌전
メドゥーサ討伐戦,메두사 토벌전
アポロン討伐戦,아폴론 토벌전
オリヴィエ討伐戦,올리뷔에 토벌전

アテナ討伐戦,아테나 토벌전
グラニ討伐戦,그라니 토벌전
バアル討伐戦,바알 토벌전
ガルーダ討伐戦,가루다 토벌전
オーディン討伐戦,오딘 토벌전
リッチ討伐戦,리치 토벌전

降臨、調停の翼,"강림,조정의날개(그랑데)"
邂逅、黒銀の翼,"해후,흑은의날개(요와바하)"
震天の境界、黄昏の最果,"진천의 경계,황혼의 최과(황룡)"
靂天の境界、紫電の黎明,"벽력의 경계,자전의 여명(흑기린)"

ミカエルへの挑戦,미카엘에게 도전
ガブリエルへの挑戦,가브리엘에게 도전
ウリエルへの挑戦,우리엘에게 도전
ラファエルへの挑戦,라파엘에게 도전
神撃、究極の竜,"신격,궁극의용"

ティアマト・マグナＨＬ,티아마트・마그나 HL
コロッサス・マグナＨＬ,콜로서스・마그나 HL
リヴァイアサン・マグナＨＬ,리바이어선・마그나 HL
ユグドラシル・マグナＨＬ,리바이어선・마그나 HL
シュヴァリエ・マグナＨＬ,슈발리에・마그나 HL
セレスト・マグナＨＬ,세레스트・마그나 HL

ナタクＨＬ,나타쿠 HL
フラム＝グラスＨＬ,프람=그라스 HL
マキュラ・マリウスＨＬ,마큐라・마리우스 HL
メドゥーサＨＬ,메두사 HL
アポロンＨＬ,아폴론 HL
Dエンジェル・オリヴィエＨＬ,D엔젤・올리비에 HL
ローズクイーン討伐戦ＨＬ,로즈퀸 토벌전 HL

シヴァＨＬ,시바 HL
エウロペＨＬ,에우로페 HL
ブローディアＨＬ,브로디아 HL
グリームニルＨＬ,그림니르 HL
メタトロンＨＬ,메타트론 HL
アバターＨＬ,아바타 HL
黄龍・黒麒麟ＨＬ,황룡・흑기린 HL

プロメテウスＨＬ,프로메테우스 HL
カー・オンＨＬ,카・옹 HL
ギルガメッシュＨＬ,길가메쉬 HL
バイヴカハＨＬ,바이브카하HL
ヘクトルＨＬ,헥토르 HL
アヌビスＨＬ,아누비스 HL

ティアマト・マリスＨＬ,티아마트・마리스 HL
リヴァイアサン・マリスＨＬ,리바이어선・마리스  HL
ダーク・ラプチャー,다크・랩쳐(노말 루시퍼)
リンドヴルムＨＬ,린드블룸 HL






邂逅、黒銀の翼ＨＬ,"해후,흑은의날개 HL(쯔요바하)"
崩天、虚空の兆,"붕천,허공의조(아카샤)"
四大天司ＨＬ,사대천사 HL
降臨、調停の翼ＨＬ,"강림,조정의날개 HL"

神撃、究極の竜ＨＬ,"신격,궁극의용 HL"
ダーク・ラプチャー(HARD),다크・랩쳐(HARD)
!기본버튼UI
閉じる,닫는다
キャンセル,취소

!기본공통UI
発動条件：,발동조건：
重要,중요
このお話のあらすじ,이 이야기의 줄거리
キャラ,캐릭터
攻撃力,공격력
属性,속성
タイプ,타입
種族,종족
得意武器,주무기
武器,무기
召喚石,소환석
人物,인물
スキン,스킨
武器種,무기종류
"<option data-id=""*"">全部</option>		<option data-id=""*"">剣</option>		<option data-id=""*"">短剣</option>		<option data-id=""*"">槍</option>		<option data-id=""*"">斧</option>		<option data-id=""*"">杖</option>		<option data-id=""*"" selected="""">銃</option>		<option data-id=""*"">格闘</option>		<option data-id=""*"">弓</option>		<option data-id=""*"">楽器</option>		<option data-id=""**"">刀</option>","<option data-id=""*"">전부</option>                <option data-id=""*"">검</option>                <option data-id=""*"">단검</option>                <option data-id=""*"">창</option>                <option data-id=""*"">도끼</option>                <option data-id=""*"">지팡이</option>                <option data-id=""*"" selected="""">총</option>                <option data-id=""*"">격투</option>                <option data-id=""*"">활</option>                <option data-id=""*"">악기</option>                <option data-id=""**"">도</option>"
全部,전부
剣,검
短剣,단검
槍,창
斧,도끼
杖,지팡이
銃,총
格闘,격투
弓,궁
楽器,악기
刀,도
属性,속성
"<option data-id=""*"" selected="""">全部</option>		<option data-id=""*"">火</option>		<option data-id=""*"">水</option>		<option data-id=""*"">土</option>		<option data-id=""*"">風</option>		<option data-id=""*"">光</option>		<option data-id=""*"">闇</option>","<option data-id=""*"" selected="""">전부</option>                <option data-id=""*"">화</option>                <option data-id=""*"">수</option>                <option data-id=""*"">토</option>                <option data-id=""*"">풍</option>                <option data-id=""*"">광</option>                <option data-id=""*"">암</option>"
火,화
水,수
土,토
風,풍
光,광
闇,암
**音順,**음순
ア行,아행
カ行,카행
サ行,사행
タ行,타행
ナ行,나행
ハ行,하행
マ行,마행
ヤ行,야행
ラ行,라행
ワ行,와행
読み込み中…,읽어들이는중
最近入手,최근입수
絞り込み,정렬하기
マルチバトル,멀티배틀
イベント,이벤트,,,,,,,,,,,,,"<option data-id=""*"">水</option>",,,,,,,"<option data-id=""*"">土</option>",,,,,,,"<option data-id=""*"">風</option>",,,,,,,"<option data-id=""*"">光</option>",,,,,,,"<option data-id=""*"">闇</option>,"
ID入力,ID입력
バトル一覧,배틀일람
"第<span id=""txt-number-value"">****</span>話<br>更新!","제<span id=""txt-number-value"">****</span>화<br>갱신!"
重要,중요
下記の騎空団サポート効果が終了しました。<br />	<br />	<ul>		</ul>,이하의 기동단 서포트효과가 종료되었습니다.<br />	<br />	<ul>		</ul>
下記のよろず屋サポート効果が終了しました。<br>	<br>	<ul>		</ul>,이하의 잡화상 서포트효과가 종료되었습니다.<br>	<br>	<ul>		</ul>
"<% if(isLastChecked) { %><a href=""javascript:void(*);"" class=""btn-help-close"">閉じる</a><% } else { %><a href=""javascript:void(*);"" class=""btn-help-next btn-silent-se"">次へ</a><% } %>","<% if(isLastChecked) { %><a href=""javascript:void(*);"" class=""btn-help-close"">닫기</a><% } else { %><a href=""javascript:void(*);"" class=""btn-help-next btn-silent-se"">다음으로</a><% } %>"
*分 *秒,*분 *초
*分 **秒,*분 **초
**分 *秒,**분 *초
**分 **秒,**분 **초
絞り込み,간추리기
読み込み中,로딩중
リサイクル状況,리사이클상황
精錬完了まで,정련완료까지
"ルピ <span class=""txt-reward-plus"">+*</span>","루피 <span class=""txt-reward-plus"">+*</span>"
"ルピ <span class=""txt-reward-plus"">+**</span>","루피 <span class=""txt-reward-plus"">+**</span>"
"ルピ <span class=""txt-reward-plus"">+***</span>","루피 <span class=""txt-reward-plus"">+***</span>"
"ルピ <span class=""txt-reward-plus"">+****</span>","루피 <span class=""txt-reward-plus"">+****</span>"
"軌跡の雫 <span class=""txt-reward-plus"">+*</span>","軌跡の雫 <span class=""txt-reward-plus"">+*</span>"
"軌跡の雫 <span class=""txt-reward-plus"">+**</span>","軌跡の雫 <span class=""txt-reward-plus"">+**</span>"
"軌跡の雫 <span class=""txt-reward-plus"">+***</span>","軌跡の雫 <span class=""txt-reward-plus"">+***</span>"
"軌跡の雫 <span class=""txt-reward-plus"">+****</span>","軌跡の雫 <span class=""txt-reward-plus"">+****</span>"
前回のAP消費量 *（うち繰り越し *）,지난 AP소비량 *（중 이월치 *）
前回のAP消費量 **（うち繰り越し *）,지난 AP소비량 **（중 이월치 *）
前回のAP消費量 ***（うち繰り越し *）,지난 AP소비량 ***（중 이월치 *）
前回のAP消費量 ****（うち繰り越し *）,지난 AP소비량 ****（중 이월치 *）
前回のAP消費量 *****（うち繰り越し *）,지난 AP소비량 *****（중 이월치 *）
前回のAP消費量 **（うち繰り越し **）,지난 AP소비량 **（중 이월치 **）
前回のAP消費量 ***（うち繰り越し **）,지난 AP소비량 ***（중 이월치 **）
前回のAP消費量 ****（うち繰り越し **）,지난 AP소비량 ****（중 이월치 **）
前回のAP消費量 *****（うち繰り越し **）,지난 AP소비량 *****（중 이월치 **）
前回のAP消費量 ***（うち繰り越し ***）,지난 AP소비량 ***（중 이월치 ***）
前回のAP消費量 ****（うち繰り越し ***）,지난 AP소비량 ****（중 이월치 ***）
前回のAP消費量 *****（うち繰り越し ***）,지난 AP소비량 *****（중 이월치 ***）
前回のAP消費量 ****（うち繰り越し ****）,지난 AP소비량 ****（중 이월치 ****）
前回のAP消費量 *****（うち繰り越し ****）,지난 AP소비량 *****（중 이월치 ****）
前回のAP消費量 *****（うち繰り越し *****）,지난 AP소비량 *****（중 이월치 *****）
騎空団サポート,기공단서포트
注意事項,주의사항
イベント・キャンペーン,이벤트캠페인
お知らせ・アップデート,공지・업데이트
不具合一覧,버그일람




!편성
おまかせ編成,자동편성
武器おまかせ装備,무기 자동장비
召喚石おまかせ装備,소환석 자동장비
編成セットのシンボルマーク変更,편성세트 심볼마크 변경
ジョブチェンジへ,직업 체인지로
おまかせ編成確認,자동편성확인
・重視する項目と属性を選択してください,・중시하는 항목과 속성을 선택해주세요.
編成する,편성하기
このパーティで実行しているクエスト、または<br>参戦しているマルチバトルがあります。<br><br>クエスト、またはマルチバトルが終了するまで<br>このパーティは編集できません。,이 파티로 실행하고있는 퀘스트、혹은<br>참가하고 있는 멀티배틀이 있습니다.<br><br>퀘스트、혹은 멀티배틀이 종료될 때 까지<br>이 파티는 편성할 수 없습니다.
パーティ切り替え,파티 변경
クエストTOPへ,퀘스트 TOP으로
編成,편성
ジョブ詳細,직업 상세
編成<br>切り替え,편성<br>바꾸기
登録編成 *,등록편성 *
サポート,서포트
ボーナス,보너스
Freeアビリティ,Free어빌리티
EX・リミットアビリティをそれぞれ*つ(計*つ)までセットできます,EX・리미트어빌리티를 각각 *개(총 *개)까지 세트할 수 있습니다.
発動中のLvアップボーナス,발동중인 Lv업 보너스
防御力,방어력
得意武器*,특기무기*
タイプ,타입
ジョブチェンジ,직업변경
ジョブステータス,직업스테이터스
所持LB,소지LB
LBを割り振ることで、ジョブを強化することができます。,LB를 분배하는 것으로、직업을 강화할 수 있습니다.
編成TOPに戻る,편성TOP으로 돌아가기





!탑페이지
AD（外部リンクへジャンプします）,AD（외부링크로 점프합니다.）
ゲーム初期設定,게임초기설정
※ゲーム演出の詳細設定は、いつでも変更できます,※게임연출의 상세한 설정은 언제든지 변경가능합니다.
対応機種,대응기종
"■動作環境<br>iPhone *以降の端末 iOS*.*以上<br>Safari/SkyLeap<br><span class=""txt-ios-hide"">Android *.*以上搭載の端末<br>標準ブラウザ/Chrome/SkyLeap<br></span><br>※iOS*.*未満では、音声が再生されない場合がございます。<br><span class=""txt-ios-hide"">※Android*.*.xでは、音声が再生されない場合がございます。<br></span>※動作する端末は順次拡大対応を進めております。<br>※動作環境であっても一部端末で動作しない場合がございます。<br>※iOS*.x以下<span class=""txt-ios-hide"">、Android *.*以下</span>は非対応となります。<br><br>■推奨環境<br>iPhone *s以降の端末 iOS*.*以上<br>Safari/SkyLeap<br><span class=""txt-ios-hide"">Android*.*以上搭載の端末<br>Chrome/SkyLeap</span>","■동작환경<br>iPhone *이후의 단말 iOS*.*이상<br>Safari/SkyLeap<br><span class=""txt-ios-hide"">Android *.*이상 탑재 단말<br>표준 브라우저/Chrome/SkyLeap<br></span><br>※iOS*.*미만에서는 음성이 재생되지 않는 경우가 있습니다.<br><span class=""txt-ios-hide"">※Android*.*.x에서는 음성이 재생되지 않는 경우가 있습니다.<br></span>※동작하는 단말은 순차적으로 늘려가고있습니다.<br>※동작환경이라도 일부 단말에서 동작하지 않는 경우가 있습니다.<br>※iOS*.x이하<span class=""txt-ios-hide"">、Android *.*이하</span>는 대응하지 않습니다.<br><br>■추천환경<br>iPhone *s이후의 단말 iOS*.*이상<br>Safari/SkyLeap<br><span class=""txt-ios-hide"">Android*.*이상 탑재 단말<br>Chrome/SkyLeap</span>"
違反行為に対する措置について,위반행위에 대한 조치에 대해
一部コンテンツに関して、<br>iOS版アプリではご利用できません。<br>,일부 콘텐츠에 대해<br>iOS판 어플에서는 이용할 수 없습니다.<br>
トップページ,탑 페이지
新着情報,최신정보
言語設定 / Set Language,언어설정 / Set Language
日本語,일본어
"<option value=""*"" selected="""">日本語</option>							<option value=""*"">English</option>","<option value=""*"" selected="""">일본어</option>							<option value=""*"">English</option>"

"<a href=""https://customer.granbluefantasy.jp/"" target=""_blank"" class=""atx-lead-link"">お問い合わせ</a>","<a href=""https://customer.granbluefantasy.jp/"" target=""_blank"" class=""atx-lead-link"">문의하기</a>"
お問い合わせ,문의하기
ログイン,로그인
ログインするアカウントを選択してください。,로그인할 계정을 선택해주세요.








!선물함
期限なし,기한없음
期限あり,기한있음
受取履歴,수취내역
未受取のプレゼント,미수취 선물
一括受取,한번에 받기
プレゼントがありません,선물이 없습니다
プレゼント整頓設定,선물 정돈설정
召喚石を売却,소환석을 매각
武器を売却,무기를 매각
召喚石を倉庫に移動,소환석을 창고로 이동
武器を倉庫に移動,무기를 창고로 이동
プレゼントリスト,선물 리스트
*個,*개
**個,**개
***個,***개
****個,****개
*****個,*****개
"<option value=""*"">全部</option>								<option value=""*_*"">									ノーマル							</option>								<option value=""*_*"">									レア							</option>								<option value=""*_*"">									Sレア							</option>								<option value=""*_*"">									SSレア							</option>","<option value=""*"">전부</option>								<option value=""*_*"">									노멀							</option>								<option value=""*_*"">									레어							</option>								<option value=""*_*"">									S레어							</option>								<option value=""*_*"">									SS레어							</option>"
노멀
레어
S레어
SS레어
受け取り履歴がありません,수취이력이 없습니다.
サポート協力報酬です。,서포트 협력보수입니다.
レジェンドガチャの更新により【蒼光の御印】を交換したアイテムです。,레전드가챠 갱신에 따른 【창광의어인】을 교환한 아이템입니다.
スタンプログインキャンペーンの*日目の報酬です。,스탬프 로그인 캠페인 *일째의 보수입니다.
取得　****年*月**日 **:**,취득　****년*월**일 **:**
取得　****年*月*日 **:**,취득　****년*월*일 **:**


!페이트에피소드
フェイトエピソードがあります！,페이트에피소드가 있습니다!
たまには寄り道もイイかもなぁ。<br>			意外な発見があるんじゃねーか？<br>,가끔 샛길로 가보는 건 어때?<br>                        의외의 발견이 있을지도 모르잖아?<br>
全て,모두
"<option value=""*"" selected="""">全て</option>			<option value=""*"">レア</option>			<option value=""*"">Sレア</option>			<option value=""*"">SSレア</option>			<option value=""*"">その他</option>","<option value=""*"" selected="""">모두</option>			<option value=""*"">레어</option>			<option value=""*"">S레어</option>			<option value=""*"">SS레어</option>			<option value=""*"">그외</option>"
その他,그외
進行度 */*,진행도 */*

!프로필
挨拶,인사
ステータス,스테이터스
Next ********Rankポイント,Next ********Rank포인트
Next *******Rankポイント,Next *******Rank포인트
Next ******Rankポイント,Next ******Rank포인트
Next *****Rankポイント,Next *****Rank포인트
Next ****Rankポイント,Next ****Rank포인트
Next ***Rankポイント,Next ***Rank포인트
Next **Rankポイント,Next **Rank포인트
Next *Rankポイント,Next *Rank포인트
フレンド,프랜드
***/***人,***/***인
**/**人,**/**인
*/*人,*/*인
仲間キャラ,동료캐릭터
***人,***인
所持武器,소유무기
所持召喚石,소유소환석
騎空団,기공단
所属人数,소속인수
：***人,：***인
：**人,：**인
：*人,：*인
騎空団Rank,기공단Rank
サポーター専用召喚石,서포터전용 소환석
推しキャラ,최애캐릭터
属性強化,속성강화
アチーブメント,업적
属性強化スキル,속성강화스킬
属性強化ヘルプ,속성강화헬프
強化する,강화한다
"データ取得中<span id=""anima""></span>","데이터 취득중<span id=""anima""></span>"
プロフィール,프로필
フリー,프리
火属性固定召喚石,화속성고정소환석
水属性固定召喚石,수속성고정소환석
土属性固定召喚石,토속성고정소환석
風属性固定召喚石,풍속성고정소환석
光属性固定召喚石,광속성고정소환석
闇属性固定召喚石,암속성고정소환석
フリー固定召喚石,프리 고정소환석
*****/*****個,*****/*****개
****/*****個,****/*****개
***/*****個,***/*****개
**/*****個,**/*****개
**/*****個,**/*****개
*/*****個,*/*****개
****/****個,****/****개
***/****個,***/****개
**/****個,**/****개
*/****個,*/****개
***/***個,***/***개
**/***個,**/***개
*/***個,*/***개
**/**個,**/**개
*/**個,*/**개
*/*個,*/*개
TOTAL発見率,TOTAL발견율
非公開,비공개
称号,칭호
ストーリー系,스토리계
バトル系,배틀계
収集系,수집계
能力系,능력계
共闘系,공투계
育成系,육성계
アーカルム系,아카룸계
図鑑系,도감계
称号設定,칭호설정
自己紹介を投稿する,자기소개를 투고하기
Twitterに投稿する,Twitter에 투고하기
*日*回投稿でAP・BP回復,*일*회 투고로 AP・BP회복
LINEに投稿する,LINE에 투고하기
公式サークルやSNSプロフに貼り付けられます。<br>				<br>				Twitter投稿によるAP・BP回復の制限は<br>毎朝*時にリセットされます。,공식서클이나 SNS프로필에 첨부됩니다.<br>                                <br>                                Twitter투고에 의한 AP・BP 회복의 제한은<br>매일 *시에 리셋됩니다.










!아이템
アイテム,아이템
空図の欠片,공도의 파편
大事なもの,중요한 것
ショップへ,직업으로
アイテム一覧,아이템일람

!상점
いらっしゃ～い！　旅支度はシェロちゃんにお任せ～！,어서오세요!　여행지원은 셰로에게 맡겨주세요～！
"<span class=""txt-stone-num""></span>個","<span class=""txt-stone-num""></span>개"
"<span class=""txt-stone-num"">****</span>個","<span class=""txt-stone-num"">****</span>개"
"<span class=""txt-stone-num"">***</span>個","<span class=""txt-stone-num"">***</span>개"
"<span class=""txt-stone-num"">**</span>個","<span class=""txt-stone-num"">**</span>개"
"<span class=""txt-stone-num"">*</span>個","<span class=""txt-stone-num"">*</span>개"

!창고
倉庫管理も<br>シェロちゃんにお任せ〜！,창고관리도<br>셰로에게 맡겨주세요〜！
武器倉庫,무기창고
武器倉庫*,무기창고*
召喚石倉庫,소환석창고
召喚石倉庫*,소환석창고*
倉庫TOP,창고TOP

!프랜드
申請中,신청중
未承認,미승인
チャット,채팅
フレンド検索,프랜드검색
フレンド一覧,프랜드일람
最終ログイン: **時間前,최종로그인: **시간전
最終ログイン: *時間前,최종로그인: *시간전
挨拶する,인사하기
最終ログイン: *時間以内,최종로그인: *시간이내
フレンド数 **/** 人,프랜드수 **/** 인
最終ログイン: *日前,최종로그인: *일전
最終ログイン: *日前,최종로그인: **일전
該当プレイヤーがいません。,해당플레이어가 없습니다.
申請人数 *人,신청인수 *인
申請人数 **人,신청인수 **인
申請人数 ***人,신청인수 ***인








!루리아노트
図鑑,도감
所持数,소지수
"所持数<span class=""txt-possessed-summon"">	*** / ***</span>","소지수<span class=""txt-possessed-summon"">	*** / ***</span>"
"所持数<span class=""txt-possessed-weapon"">	*** / ***</span>","소지수<span class=""txt-possessed-weapon"">	*** / ***</span>"
"キャラ数<span class=""txt-possessed-npc"">        ***</span>","캐릭터수<span class=""txt-possessed-npc"">        ***</span>"
"キャラ数<span class=""txt-possessed-npc"">        **</span>","캐릭터수<span class=""txt-possessed-npc"">        **</span>"
"キャラ数<span class=""txt-possessed-npc"">        *</span>","캐릭터수<span class=""txt-possessed-npc"">        *</span>"
図鑑 キャラ一覧に戻る,도감 캐릭터일람으로 돌아가기
ルリアノートTOPに戻る,루리아노트TOP으로 돌아가기

!캐릭터 상세


!캐릭터 상세
サポートアビリティ,서포트어빌리티
能力強化,능력강화
エピソード,에피소드
ステータス,스테이터스
関連ストーリー,연관 스토리
フェイトエピソード,페이트 에피소드
リスト,리스트
所持LB,소지LB
強化する,강화하기
上限解放する,상한해방하기
奥義,오의
アビリティ,어빌리티
エピソード解放率,에피소드해방률
"<div class=""txt-recast"">																					使用間隔: *ターン																													</div>									<div class=""txt-recast start-recast"">																			</div>","<div class=""txt-recast"">																					사용간격: *턴																													</div>									<div class=""txt-recast start-recast"">																			</div>"
"<div class=""txt-recast"">																					使用間隔: **ターン																													</div>									<div class=""txt-recast start-recast"">																			</div>","<div class=""txt-recast"">																					사용간격: **턴																													</div>									<div class=""txt-recast start-recast"">																			</div>"
使用間隔: *ターン,사용간격: *턴
使用間隔: **ターン,사용간격: **턴
"エピソード解放率<span class=""txt-progress-rate"">**</span>%","에피소드 해방률<span class=""txt-progress-rate"">**</span>%"
発生条件 Lv **,발생조건 Lv **
発生条件 Lv ***,발생조건 Lv ***
"<div class=""txt-zenith-description"">									あと**LB取得でClassUP									<div class=""prt-zp-gauge"">										<div class=""prt-zp-gauge-inner"" style=""width: *%""></div>									</div>								</div>														<div class=""prt-zenith-button"">								<div class=""btn-zenith"">能力強化</div>							</div>","<div class=""txt-zenith-description"">									앞으로**LB취득으로ClassUP									<div class=""prt-zp-gauge"">										<div class=""prt-zp-gauge-inner"" style=""width: *%""></div>									</div>								</div>														<div class=""prt-zenith-button"">								<div class=""btn-zenith"">능력강화</div>							</div>"
マイページに戻る,마이페이지로 돌아간다
習得クエストへ,습득퀘스트로
習得 Lv **,습득 Lv **
